"Recent","Nbr","Time","Gender","Donate"
4,13,39,"F","Y"
2,7,14,"F","Y"
2,7,58,"M","Y"
2,8,28,"F","Y"
2,1,2,"F","Y"
4,1,4,"F","Y"
11,1,11,"M","Y"
2,2,4,"F","Y"
2,5,11,"M","Y"
4,1,4,"M","Y"
2,2,11,"F","Y"
4,5,16,"F","Y"
14,2,21,"F","Y"
4,6,35,"M","Y"
14,4,22,"F","Y"
4,6,41,"F","Y"
7,9,89,"F","Y"
11,4,16,"F","Y"
4,2,9,"F","Y"
2,14,48,"M","Y"
2,4,16,"F","Y"
2,6,26,"F","Y"
2,11,79,"F","Y"
3,5,12,"F","Y"
2,3,4,"M","Y"
4,6,38,"F","Y"
2,20,45,"M","Y"
0,13,28,"F","Y"
4,16,98,"M","Y"
14,5,28,"F","Y"
2,6,41,"M","Y"
4,12,34,"F","Y"
4,1,4,"M","Y"
2,21,52,"M","Y"
4,1,4,"F","Y"
20,14,69,"M","Y"
11,8,41,"F","Y"
2,6,28,"M","Y"
2,6,15,"F","Y"
11,17,79,"M","Y"
11,2,38,"F","Y"
2,50,98,"F","Y"
4,7,32,"M","Y"
0,26,76,"M","Y"
4,2,4,"M","Y"
4,4,26,"F","Y"
4,8,26,"M","Y"
4,33,98,"M","Y"
2,5,16,"F","Y"
4,10,28,"F","Y"
4,8,40,"M","Y"
2,13,32,"F","Y"
2,6,16,"F","Y"
4,2,4,"M","Y"
2,1,2,"M","Y"
2,5,16,"F","Y"
2,2,11,"F","Y"
11,3,40,"F","Y"
4,8,46,"F","Y"
9,5,51,"F","Y"
2,5,47,"M","Y"
2,6,22,"M","Y"
9,11,49,"F","Y"
14,8,50,"F","Y"
4,2,4,"F","Y"
4,8,48,"F","Y"
21,1,21,"F","Y"
2,14,57,"F","Y"
4,2,51,"M","Y"
14,2,35,"F","Y"
11,8,52,"F","Y"
2,41,98,"F","Y"
1,16,35,"M","Y"
4,4,4,"M","Y"
2,3,38,"F","Y"
4,5,23,"F","Y"
2,13,53,"F","Y"
2,1,2,"F","Y"
2,1,2,"F","Y"
21,3,26,"M","Y"
2,2,4,"F","Y"
2,5,33,"F","Y"
2,3,16,"F","Y"
3,10,33,"F","Y"
14,2,14,"F","Y"
2,4,14,"F","Y"
2,10,28,"F","Y"
2,3,4,"M","Y"
2,11,41,"F","Y"
4,16,38,"M","Y"
2,7,46,"F","Y"
2,9,22,"F","Y"
5,7,26,"M","Y"
2,3,75,"M","Y"
4,5,33,"F","Y"
4,5,16,"F","Y"
2,2,11,"F","Y"
2,6,16,"M","Y"
4,9,26,"F","Y"
2,1,2,"F","Y"
2,2,4,"F","Y"
4,1,4,"F","Y"
2,6,35,"F","Y"
11,1,11,"M","Y"
2,2,10,"M","Y"
17,7,58,"F","Y"
2,3,9,"F","Y"
14,4,23,"M","Y"
4,8,34,"M","Y"
2,15,49,"M","Y"
14,3,19,"F","Y"
4,16,70,"F","Y"
4,5,16,"F","Y"
2,7,35,"F","Y"
5,46,98,"M","Y"
11,14,73,"F","Y"
2,7,28,"F","Y"
4,10,28,"F","Y"
2,13,76,"F","Y"
4,3,25,"M","Y"
2,6,15,"M","Y"
26,5,49,"F","Y"
4,19,69,"F","Y"
4,1,4,"F","Y"
4,4,34,"F","Y"
1,10,43,"F","Y"
16,7,87,"F","Y"
4,3,16,"M","Y"
2,43,86,"F","Y"
4,1,4,"F","Y"
16,3,21,"F","Y"
2,8,38,"F","Y"
4,5,26,"F","Y"
4,9,38,"M","Y"
4,5,35,"F","Y"
4,6,16,"F","Y"
22,1,22,"M","Y"
8,8,52,"F","Y"
4,7,22,"F","Y"
2,7,32,"M","Y"
4,6,23,"F","Y"
2,12,70,"F","Y"
21,2,21,"M","Y"
9,8,38,"F","Y"
2,11,46,"F","Y"
11,3,16,"M","Y"
4,9,28,"F","Y"
4,1,4,"M","Y"
2,6,28,"F","Y"
2,12,47,"F","Y"
16,6,35,"F","Y"
4,10,28,"F","Y"
11,5,37,"F","Y"
4,11,64,"F","Y"
9,2,16,"F","Y"
2,11,40,"F","Y"
2,1,2,"M","Y"
11,7,62,"M","Y"
6,22,28,"F","Y"
11,9,72,"M","Y"
16,5,40,"F","Y"
4,5,14,"F","Y"
4,6,28,"M","Y"
4,20,69,"F","Y"
23,1,23,"F","Y"
3,4,29,"F","Y"
4,4,14,"F","Y"
3,1,3,"M","Y"
4,4,43,"F","Y"
2,8,35,"M","Y"
3,21,42,"F","Y"
13,3,14,"F","Y"
2,34,77,"M","Y"
4,17,71,"M","Y"
2,4,14,"F","Y"
6,2,11,"F","Y"
14,4,28,"F","Y"
4,5,11,"M","Y"
2,11,28,"F","N"
11,1,11,"F","N"
23,4,87,"F","N"
11,2,21,"F","N"
11,5,35,"F","N"
5,14,86,"M","N"
14,3,52,"M","N"
23,3,39,"F","N"
2,44,98,"F","N"
16,7,38,"F","N"
14,1,14,"M","N"
11,1,11,"F","N"
14,1,14,"M","N"
16,3,46,"F","N"
23,7,88,"F","N"
2,1,2,"M","N"
14,7,47,"F","N"
14,1,14,"F","N"
2,4,26,"F","N"
14,4,40,"F","N"
11,1,11,"F","N"
16,1,16,"M","N"
2,2,10,"M","N"
4,2,9,"M","N"
13,7,76,"M","N"
4,3,34,"F","N"
14,2,14,"F","N"
14,1,14,"F","N"
11,2,70,"M","N"
38,1,38,"M","N"
11,2,11,"F","N"
14,1,14,"F","N"
16,3,21,"F","N"
11,6,27,"M","N"
21,1,21,"F","N"
4,6,14,"F","N"
2,9,74,"M","N"
14,4,64,"M","N"
12,11,39,"F","N"
4,1,4,"M","N"
23,19,62,"M","N"
4,6,14,"F","N"
12,13,59,"M","N"
14,16,70,"M","N"
23,1,23,"F","N"
2,1,2,"M","N"
14,18,78,"F","N"
14,6,34,"M","N"
11,5,18,"F","N"
23,4,45,"M","N"
11,2,25,"M","N"
10,5,38,"F","N"
16,16,77,"M","N"
2,10,64,"F","N"
16,6,81,"F","N"
16,1,16,"M","N"
2,1,2,"M","N"
2,3,14,"F","N"
4,7,62,"F","N"
11,3,23,"M","N"
2,2,2,"F","N"
11,9,33,"F","N"
16,12,50,"M","N"
21,3,40,"F","N"
11,3,28,"M","N"
16,3,35,"F","N"
14,4,26,"F","N"
9,1,9,"F","N"
9,9,16,"F","N"
4,1,4,"F","N"
2,10,49,"M","N"
11,4,74,"F","N"
4,2,4,"M","N"
4,2,30,"F","N"
2,1,2,"F","N"
11,5,35,"F","N"
16,1,16,"F","N"
74,1,74,"M","N"
4,2,31,"M","N"
4,1,4,"F","N"
5,24,79,"M","N"
2,6,47,"F","N"
4,1,4,"M","N"
21,1,21,"M","N"
8,15,77,"M","N"
23,5,33,"F","N"
11,7,64,"M","N"
21,1,21,"M","N"
4,2,4,"F","N"
14,1,14,"F","N"
9,4,65,"M","N"
23,8,64,"F","N"
14,8,46,"F","N"
23,2,23,"F","N"
4,6,39,"M","N"
4,1,4,"F","N"
23,4,52,"F","N"
4,11,95,"M","N"
2,5,34,"F","N"
11,10,35,"F","N"
23,1,23,"M","N"
40,1,40,"F","N"
11,11,38,"F","N"
2,1,2,"F","N"
4,11,61,"F","N"
11,8,72,"M","N"
5,11,75,"M","N"
11,24,64,"M","N"
23,1,23,"F","N"
4,1,4,"M","N"
3,14,35,"M","N"
23,3,48,"M","N"
4,1,4,"M","N"
11,7,37,"M","N"
2,7,29,"F","N"
23,2,28,"F","N"
2,4,23,"M","N"
16,4,45,"F","N"
14,1,14,"M","N"
9,3,14,"M","N"
2,2,22,"M","N"
11,2,14,"M","N"
2,4,43,"M","N"
2,11,26,"F","N"
2,2,14,"M","N"
14,5,28,"F","N"
2,1,2,"F","N"
4,1,4,"M","N"
2,1,2,"F","N"
2,1,2,"F","N"
4,2,41,"F","N"
23,15,57,"F","N"
1,14,95,"F","N"
4,1,4,"M","N"
16,1,16,"F","N"
2,1,2,"F","N"
4,2,4,"F","N"
4,1,4,"M","N"
11,7,29,"F","N"
21,3,38,"M","N"
16,2,70,"F","N"
16,1,16,"M","N"
4,9,40,"M","N"
14,2,35,"M","N"
2,4,16,"F","N"
23,3,28,"M","N"
11,6,28,"M","N"
4,6,30,"F","N"
2,2,11,"M","N"
2,1,2,"M","N"
23,1,23,"M","N"
14,4,38,"F","N"
2,2,11,"F","N"
4,5,28,"M","N"
23,2,87,"F","N"
2,1,2,"M","N"
21,3,70,"F","N"
14,5,50,"F","N"
0,2,4,"M","N"
23,2,23,"F","N"
2,3,19,"M","N"
4,12,88,"F","N"
2,15,64,"M","N"
14,3,83,"F","N"
16,7,28,"F","N"
21,1,21,"F","N"
1,24,77,"F","N"
16,1,16,"F","N"
23,14,93,"M","N"
14,1,14,"M","N"
23,38,98,"M","N"
11,2,52,"F","N"
16,10,62,"M","N"
4,7,25,"F","N"
4,5,58,"F","N"
11,2,26,"F","N"
2,4,16,"M","N"
11,2,11,"M","N"
